{
    "total_notes": 212.1,
    "total_chords": 90.0,
    "max_notes_calc": 155.1764705882353,
    "soflan": 0,
    "longpop": 6.800000000000001
}