{
    "total_notes": 197.14,
    "total_chords": 99.25,
    "max_notes_calc": 139.8235294117647,
    "soflan": 15.321249999999994,
    "longpop": 0
}