{
    "total_notes": 225.76,
    "total_chords": 86.5,
    "max_notes_calc": 179.05882352941177,
    "soflan": 0,
    "longpop": 28.199999999999996
}