{
    "total_notes": 223.94,
    "total_chords": 112.75,
    "max_notes_calc": 137.41176470588235,
    "soflan": 23.175,
    "longpop": 46.400000000000006
}