{
    "total_notes": 226.55,
    "total_chords": 75.25,
    "max_notes_calc": 170.70588235294116,
    "soflan": 286.71000000000004,
    "longpop": 21.8
}