{
    "total_notes": 238.91,
    "total_chords": 119.625,
    "max_notes_calc": 163.58823529411762,
    "soflan": 0,
    "longpop": 89.60000000000001
}