{
    "total_notes": 253.35,
    "total_chords": 132.5,
    "max_notes_calc": 177.52941176470588,
    "soflan": 0,
    "longpop": 32.800000000000004
}