{
    "total_notes": 230.19,
    "total_chords": 125.125,
    "max_notes_calc": 168.17647058823528,
    "soflan": 27.168749999999996,
    "longpop": 0
}