{
    "total_notes": 227.07,
    "total_chords": 119.12499999999999,
    "max_notes_calc": 162.70588235294116,
    "soflan": 19.527500000000003,
    "longpop": 0
}