{
    "total_notes": 218.87,
    "total_chords": 77.0,
    "max_notes_calc": 129.58823529411765,
    "soflan": 0,
    "longpop": 23.200000000000003
}