{
    "total_notes": 247.23,
    "total_chords": 99.875,
    "max_notes_calc": 146.23529411764707,
    "soflan": 43.69875,
    "longpop": 55.800000000000004
}