{
    "total_notes": 221.86,
    "total_chords": 106.62499999999999,
    "max_notes_calc": 143.41176470588235,
    "soflan": 0,
    "longpop": 17.8
}