{
    "total_notes": 252.31,
    "total_chords": 125.25,
    "max_notes_calc": 197.47058823529412,
    "soflan": 0,
    "longpop": 20.200000000000003
}